Dataset,Model,Correlation
Kirby UCA_2-15,DASM,0.10482404457930715
Kirby UCA_002-S21F2,DASM,-0.10085636853094006
Kirby UCA_C118,DASM,0.3094129395508154
