Dataset,Model,Fraction_Above_Zero
Kirby UCA_2-15,DASM,0.7954971857410882
Kirby UCA_002-S21F2,DASM,0.7067307692307693
Kirby UCA_C118,DASM,0.7758620689655172
