model,k,binders_in_top_k,precision,total_sequences
dasm,5,4.0,0.8,5545
dasm,10,9.0,0.9,5545
dasm,25,24.0,0.96,5545
esm,5,0.0,0.0,5545
esm,10,0.0,0.0,5545
esm,25,4.0,0.16,5545
ablang,5,0.0,0.0,5545
ablang,10,0.0,0.0,5545
ablang,25,0.0,0.0,5545
Random,5,2.1064021641118122,0.4212804328223625,5545
Random,10,4.2128043282236245,0.4212804328223625,5545
Random,25,10.532010820559062,0.4212804328223625,5545
