model,wall_time_seconds_cpu,per_sequence_seconds_cpu
DASM,0.09743905067443848,0.009743905067443848
AbLang2,110.52878975868225,11.052878975868225
ESM2-650M,1125.98867726326,112.59886772632599
